{
  "factor": {
    "TS.LKD": 4.286506586866035,
    "LVZS": 3.7257417487945066,
    "LSDP": 3.781113595376758,
    "LRLS": 4.390148644941668,
    "DP": 3.7455025271230986,
    "LLRA.KSS": 4.151663303355594,
    "TT.LT": 3.7750352075386293,
    "LP": 3.936226258465369,
    "LSDDP.LRP": 3.224281588657694,
    "VL": 3.224033818481381,
    "NA.": 3.273327277225503
  },
  "incumbent": -0.031582499103531204,
  "new": 0.6950045233851955,
  "change": 1.787181459914822,
  "change6": -0.15529418095783065,
  "errors": [
    [
      0.038522573513587566,
      0.016090950769371837,
      0.02852761943519419,
      0.0064398487213352534,
      0.01730411621647901,
      0.03103863496954503,
      0.005911537373364056,
      0.0,
      0.0,
      0.0,
      0.0
    ],
    [
      0.0036893362074989777,
      0.007560455122249975,
      0.0022854044840694143,
      0.03686292846601015,
      0.013648541109602008,
      0.010496465323887774,
      0.0008172737812985609,
      0.0,
      0.0,
      0.0,
      0.0
    ],
    [
      0.012236025230213166,
      0.0,
      0.016197135046110228,
      0.0,
      0.0,
      0.0,
      0.003961109815897,
      0.0,
      0.0,
      0.0,
      0.0
    ],
    [
      0.009034132011517926,
      0.04097186710029724,
      0.0069913894588379405,
      0.04683901311528764,
      0.015299105490840847,
      0.0009549122114324779,
      0.0350145295584359,
      0.01551138173430669,
      0.008983358007031532,
      0.0,
      0.0
    ],
    [
      0.0,
      0.00728378996826716,
      0.00659726398275684,
      0.01935037532115065,
      0.002161511442803646,
      0.01592241617779227,
      0.00481933506178947,
      0.00948847546405679,
      0.009421206089023146,
      0.012137372805224145,
      0.0
    ]
  ]
}