{
  "factor": {
    "TS.LKD": 4.470490732877726,
    "LVZS": 3.9626881614992184,
    "LSDP": 3.9379123215639136,
    "LRLS": 4.576409842239558,
    "DP": 3.901827787177763,
    "LLRA.KSS": 4.361913556126746,
    "TT.LT": 3.9619200233789256,
    "LP": 4.146127719351247,
    "LSDDP.LRP": 3.4969472698480217,
    "VL": 3.4642462955805655,
    "NA.": 3.4634781574602727,
    "NS": 4.320143924142092
  },
  "incumbent": -0.08077711829727038,
  "new": 0.5706740706800879,
  "change": 1.2060589869936615,
  "change6": -0.11175314594804639,
  "errors": [
    [
      0.04337349293092113,
      0.017978423028583337,
      0.037779926931835184,
      0.0064398487213352534,
      0.01558131990920078,
      0.03000372306477697,
      0.002709737150757424,
      0.0,
      0.0,
      0.0,
      0.0,
      0.0
    ],
    [
      0.009233415574937176,
      0.004990424502986854,
      0.0,
      0.03228549279211233,
      0.016318016112325195,
      0.010496465323887774,
      0.00875282872202407,
      0.0,
      0.0,
      0.0,
      0.0,
      0.0
    ],
    [
      0.006292663499696427,
      0.0,
      0.005185440207658015,
      0.0,
      0.0,
      0.005068333107935391,
      0.003961109815897007,
      0.0,
      0.0,
      0.0,
      0.0,
      0.0
    ],
    [
      0.004393917541552328,
      0.0347746875429438,
      0.005581237612931583,
      0.04790507076866361,
      0.019634725108969714,
      0.0003702711495380956,
      0.0350145295584359,
      0.018906192807788574,
      0.011161586088314301,
      0.0,
      0.0,
      0.0
    ],
    [
      0.0,
      0.012723597171309886,
      0.0049804887099672845,
      0.017484361370942864,
      0.004535423950279352,
      0.015520221191095453,
      0.004647798849444072,
      0.009915381222528503,
      0.005189710346979404,
      0.0052854680291541944,
      0.0,
      0.0
    ]
  ]
}