{
  "factor": {
    "TS.LKD": 4.286506586866037,
    "LVZS": 3.7257417487945106,
    "LSDP": 3.7811135953767643,
    "LRLS": 4.3901486449416725,
    "DP": 3.7455025271231035,
    "LLRA.KSS": 4.1516633033555985,
    "TT.LT": 3.7750352075386333,
    "LP": 3.936226258465371,
    "LSDDP.LRP": 3.224281588657696,
    "VL": 3.224033818481381,
    "NA.": 3.2733272772255035
  },
  "incumbent": -0.03158249910353039,
  "new": 0.6950045233851972,
  "change": 1.7871814599148232,
  "change6": -0.15529418095783024,
  "errors": [
    [
      0.038522573513586844,
      0.016090950769371795,
      0.028527619435193774,
      0.0064398487213352534,
      0.01730411621647901,
      0.03103863496954505,
      0.005911537373364056,
      0.0,
      0.0,
      0.0,
      0.0
    ],
    [
      0.0036893362074993385,
      0.007560455122250023,
      0.0022854044840689147,
      0.03686292846601018,
      0.01364854110960223,
      0.010496465323887774,
      0.0008172737812985054,
      0.0,
      0.0,
      0.0,
      0.0
    ],
    [
      0.012236025230213887,
      0.0,
      0.016197135046111005,
      0.0,
      0.0,
      0.0,
      0.003961109815897007,
      0.0,
      0.0,
      0.0,
      0.0
    ],
    [
      0.009034132011518425,
      0.040971867100296905,
      0.006991389458838232,
      0.04683901311528764,
      0.01529910549084082,
      0.0009549122114325542,
      0.0350145295584359,
      0.015511381734306745,
      0.008983358007031511,
      0.0,
      0.0
    ],
    [
      0.0,
      0.007283789968267285,
      0.006597263982756146,
      0.019350375321150873,
      0.0021615114428035834,
      0.015922416177792262,
      0.004819335061789481,
      0.00948847546405679,
      0.009421206089023196,
      0.012137372805224117,
      0.0
    ]
  ]
}